<?xml version="1.0" encoding="UTF-8"?>
<config xmlns="http://www.knime.org/2008/09/XMLConfig" xmlns:xsi="http://www.w3.org/2001/XMLSchema-instance" xsi:schemaLocation="http://www.knime.org/2008/09/XMLConfig http://www.knime.org/XMLConfig_2008_09.xsd" key="viewValue">
<entry key="chartTitle" type="xstring" value=""/>
<entry key="chartSubtitle" type="xstring" value=""/>
<config key="nodeStatus">
<entry key="array-size" type="xint" value="1"/>
<entry key="0" type="xint" value="1"/>
</config>
<config key="selectedKeys">
<entry key="array-size" type="xint" value="0"/>
</config>
<entry key="publishSelection" type="xboolean" value="true"/>
<entry key="subscribeSelection" type="xboolean" value="true"/>
<entry key="scale" type="xdouble" value="1.0"/>
</config>
